"persona_id","fold"
"109",1
"249",2
"582",3
"150",4
"326",5
"47",1
"869",2
"441",3
"224",4
"303",5
"585",1
"631",2
"291",3
"140",4
"239",5
"182",1
"596",2
"464",3
"783",4
"144",5
"843",1
"821",2
"266",3
"456",4
"873",5
"556",1
"487",2
"324",3
"774",4
"211",5
"12",1
"470",2
"458",3
"563",4
"808",5
"389",1
"375",2
"587",3
"669",4
"895",5
"187",1
"159",2
"358",3
"682",4
"842",5
"921",1
"124",2
"857",3
"132",4
"514",5
"335",1
"532",2
"666",3
"952",4
"342",5
"923",1
"572",2
"33",3
"264",4
"269",5
"34",1
"699",2
"876",3
"567",4
"815",5
"731",1
"246",2
"271",3
"434",4
"492",5
"553",1
"459",2
"388",3
"156",4
"906",5
"354",1
"64",2
"638",3
"758",4
"170",5
"428",1
"622",2
"188",3
"250",4
"417",5
"878",1
"674",2
"824",3
"735",4
"855",5
"739",1
"863",2
"575",3
"625",4
"268",5
"852",1
"485",2
"872",3
"466",4
"877",5
"854",1
"922",2
"177",3
"419",4
"472",5
"5",1
"696",2
"443",3
"287",4
"410",5
"693",1
"839",2
"690",3
"49",4
"350",5
"228",1
"368",2
"971",3
"719",4
"223",5
"343",1
"776",2
"555",3
"657",4
"302",5
"491",1
"825",2
"357",3
"196",4
"255",5
"813",1
"395",2
"708",3
"369",4
"961",5
"308",1
"979",2
"160",3
"20",4
"620",5
"322",1
"566",2
"871",3
"738",4
"316",5
"931",1
"68",2
"683",3
"803",4
"744",5
"241",1
"414",2
"304",3
"95",4
"910",5
"7",1
"798",2
"157",3
"586",4
"976",5
"90",1
"612",2
"576",3
"397",4
"874",5
"57",1
"220",2
"155",3
"629",4
"955",5
"1",1
"894",2
"490",3
"785",4
"83",5
"94",1
"611",2
"385",3
"501",4
"930",5
"536",1
"245",2
"284",3
"240",4
"276",5
"841",1
"512",2
"444",3
"700",4
"996",5
"430",1
"905",2
"990",3
"191",4
"516",5
"468",1
"691",2
"756",3
"130",4
"274",5
"272",1
"557",2
"77",3
"819",4
"580",5
"743",1
"105",2
"503",3
"777",4
"360",5
"710",1
"69",2
"192",3
"541",4
"372",5
"22",1
"746",2
"262",3
"482",4
"861",5
"751",1
"881",2
"446",3
"836",4
"909",5
"994",1
"954",2
"782",3
"988",4
"848",5
"500",1
"40",2
"993",3
"792",4
"546",5
"891",1
"35",2
"339",3
"498",4
"52",5
"887",1
"134",2
"455",3
"856",4
"151",5
"51",1
"270",2
"17",3
"968",4
"478",5
"465",1
"405",2
"242",3
"755",4
"333",5
"641",1
"934",2
"950",3
"169",4
"888",5
"552",1
"440",2
"402",3
"18",4
"315",5
"981",1
"511",2
"423",3
"3",4
"520",5
"348",1
"850",2
"686",3
"122",4
"4",5
"412",1
"442",2
"437",3
"765",4
"624",5
"381",1
"108",2
"278",3
"664",4
"680",5
"480",1
"413",2
"146",3
"918",4
"38",5
"201",1
"705",2
"36",3
"452",4
"37",5
"969",1
"964",2
"614",3
"457",4
"637",5
"812",1
"796",2
"349",3
"651",4
"509",5
"113",1
"772",2
"98",3
"163",4
"752",5
"900",1
"956",2
"166",3
"875",4
"903",5
"337",1
"828",2
"560",3
"161",4
"56",5
"718",1
"545",2
"115",3
"983",4
"847",5
"24",1
"406",2
"379",3
"422",4
"396",5
"535",1
"712",2
"41",3
"907",4
"257",5
"50",1
"551",2
"329",3
"121",4
"138",5
"706",1
"99",2
"238",3
"252",4
"380",5
"775",1
"366",2
"766",3
"175",4
"711",5
"165",1
"846",2
"0",3
"477",4
"476",5
"695",1
"407",2
"791",3
"834",4
"489",5
"301",1
"882",2
"273",3
"415",4
"394",5
"85",1
"858",2
"447",3
"53",4
"435",5
"341",1
"334",2
"980",3
"784",4
"694",5
"944",1
"997",2
"73",3
"424",4
"227",5
"757",1
"646",2
"141",3
"960",4
"103",5
"835",1
"920",2
"416",3
"106",4
"524",5
"91",1
"43",2
"286",3
"609",4
"331",5
"126",1
"384",2
"632",3
"258",4
"473",5
"28",1
"232",2
"89",3
"733",4
"374",5
"344",1
"356",2
"926",3
"450",4
"142",5
"653",1
"283",2
"603",3
"831",4
"780",5
"577",1
"946",2
"6",3
"581",4
"725",5
"807",1
"15",2
"176",3
"571",4
"420",5
"759",1
"352",2
"949",3
"927",4
"639",5
"102",1
"97",2
"205",3
"185",4
"189",5
"886",1
"916",2
"619",3
"45",4
"672",5
"454",1
"608",2
"868",3
"519",4
"616",5
"688",1
"594",2
"359",3
"935",4
"197",5
"162",1
"748",2
"127",3
"793",4
"347",5
"282",1
"897",2
"962",3
"732",4
"510",5
"203",1
"615",2
"654",3
"598",4
"745",5
"568",1
"401",2
"200",3
"149",4
"42",5
"87",1
"763",2
"742",3
"569",4
"65",5
"21",1
"788",2
"229",3
"574",4
"862",5
"771",1
"623",2
"195",3
"540",4
"565",5
"147",1
"844",2
"225",3
"550",4
"295",5
"537",1
"727",2
"204",3
"13",4
"404",5
"562",1
"827",2
"805",3
"173",4
"376",5
"951",1
"860",2
"29",3
"661",4
"940",5
"750",1
"61",2
"179",3
"48",4
"253",5
"92",1
"178",2
"634",3
"769",4
"471",5
"129",1
"523",2
"778",3
"880",4
"26",5
"373",1
"864",2
"495",3
"421",4
"851",5
"600",1
"533",2
"832",3
"754",4
"306",5
"297",1
"219",2
"957",3
"418",4
"593",5
"999",1
"912",2
"591",3
"125",4
"180",5
"658",1
"463",2
"263",3
"387",4
"773",5
"128",1
"119",2
"919",3
"633",4
"507",5
"675",1
"933",2
"904",3
"640",4
"74",5
"970",1
"806",2
"392",3
"702",4
"2",5
"966",1
"190",2
"433",3
"502",4
"46",5
"794",1
"723",2
"311",3
"889",4
"336",5
"797",1
"833",2
"27",3
"154",4
"518",5
"726",1
"475",2
"908",3
"531",4
"958",5
"391",1
"453",2
"153",3
"340",4
"724",5
"896",1
"579",2
"133",3
"870",4
"838",5
"288",1
"663",2
"481",3
"75",4
"378",5
"202",1
"671",2
"467",3
"123",4
"71",5
"488",1
"734",2
"929",3
"885",4
"279",5
"709",1
"911",2
"234",3
"267",4
"143",5
"789",1
"167",2
"655",3
"206",4
"32",5
"460",1
"681",2
"236",3
"469",4
"840",5
"484",1
"762",2
"939",3
"605",4
"801",5
"972",1
"330",2
"230",3
"82",4
"517",5
"817",1
"698",2
"795",3
"100",4
"564",5
"393",1
"398",2
"243",3
"117",4
